ticker,market,price,ret_1m,ret_3m,above_ma200,volume_ratio,rsi14,slowdown,vol_1m,revenue_growth,earnings_growth,pe_improve,forward_pe,rising_score,plateau_risk,outlook,score,news_tone,market_tone,direction,range_low,range_high,wide_low,wide_high
7203.T,JP,2936.5,-0.03098636755798967,0.11187638217237872,-0.055860663953861356,1.034844281492221,45.21241876572889,0.06827849494878258,0.091,0.104,0.869,0.9223634503478214,9.211338,66.0,47.0,上昇していない,62.8,中立,中立,やや上向き,2681.13,3216.2,2456.89,3509.74
6861.T,JP,78500.0,-0.04212212656895642,0.026520559118614395,0.14965109143431543,1.0659580855669615,50.77932016378892,0.05096231294182788,0.1176,0.328,0.51,1.0298012383294066,42.03728,70.0,65.0,様子見,61.2,中立,中立,やや上向き,69791.89,88294.64,62342.31,98845.39
9984.T,JP,6238.5,0.2274425235318016,-0.05350915695558589,0.20940598253011178,1.367930975749188,55.10846923795943,-0.24527890918366357,0.2509,0.109,-0.178,0.3385227733446178,21.145313,55.0,57.0,上昇していない,52.0,中立,中立,横ばい,4854.25,8017.48,3815.25,10200.87
6758.T,JP,3662.5,-0.03966595206229262,0.13230766258052862,0.02890802965975814,0.8853417379437548,46.161362966576334,0.08376850625580215,0.0999,0.082,0.476,0.9818843582900012,20.087337,58.0,67.0,頭打ち注意,51.8,追い風,中立,横ばい,3314.16,4047.45,3010.97,4455.01
8035.T,JP,10880.0,-0.7967153821939554,-0.838855511258615,-0.7707308188244312,1.6873148080632652,14.76047260955447,0.5170968784410838,0.5046,0.333,0.404,1.0229896597936687,43.993126,51.0,64.0,上昇していない,47.2,追い風,中立,やや上向き,6568.46,18021.62,4046.37,29254.48
GOOGL,US,342.75,0.006811412277753837,-0.030198449023090435,0.014206343445634317,0.9639374799073169,48.867725248732896,-0.016877561952117315,0.0911,0.242,2.94,0.7584515962693187,22.697517,60.0,36.0,上昇していない,61.0,中立,逆風,横ばい,312.91,375.44,286.71,409.75
MSFT,US,509.22,0.008236652441726555,0.3842108856454822,0.1822768386325846,0.8047912552175392,58.63705759437689,0.1198336427734342,0.0937,0.177,0.317,1.3182561902067444,21.507965,69.0,67.0,頭打ち注意,60.0,中立,逆風,やや下向き,463.67,559.24,423.78,611.88
NVDA,US,228.86,0.0049833166903385795,0.17513510642098673,0.1480378537365843,0.8019548822917081,58.77557077179257,0.053395052116656995,0.109,1.059,1.278,1.9851429595779297,14.593216,66.0,65.0,様子見,58.2,追い風,逆風,やや上向き,205.23,255.21,184.85,283.35
AMZN,US,246.15,-0.03945217936418266,0.025027044732702786,0.021627855842514476,0.9403202761257086,41.24381169115133,0.047794527608416924,0.098,0.196,2.423,0.8427192002861763,23.498806,54.0,50.0,様子見,53.0,追い風,逆風,横ばい,223.18,271.48,203.15,298.25
AAPL,US,338.4,0.07572003414383377,0.20214327661850184,0.17623435330224058,0.6870381742441539,61.823794173990905,-0.008338941937666489,0.071,0.164,0.287,1.097978224769944,35.303875,51.0,82.0,頭打ち注意,42.8,中立,逆風,下向き,315.19,363.32,294.41,388.96
